{"result":[{"uid":"211706702","scores":[94.74681854248],"group_id":"student","user_info":"","position":{"left":659.51470947266,"top":1961.4191894531,"width":435,"height":400,"degree":-6,"prob":1}},{"uid":"211706725","scores":[95.563232421875],"group_id":"student","user_info":"","position":{"left":1815.0795898438,"top":1725.2510986328,"width":371,"height":380,"degree":-14,"prob":1}},{"uid":"211706715","scores":[95.449600219727],"group_id":"student","user_info":"","position":{"left":2776.1682128906,"top":1693.9771728516,"width":360,"height":330,"degree":-2,"prob":1}},{"uid":"211706713","scores":[91.932189941406],"group_id":"student","user_info":"","position":{"left":3637.4934082031,"top":1634.3701171875,"width":344,"height":300,"degree":9,"prob":1}},{"uid":"211706727","scores":[91.930480957031],"group_id":"student","user_info":"","position":{"left":393.30932617188,"top":1573.9185791016,"width":298,"height":262,"degree":-2,"prob":1}},{"uid":"211706720","scores":[91.864189147949],"group_id":"student","user_info":"","position":{"left":2633.8942871094,"top":1234.8237304688,"width":270,"height":247,"degree":3,"prob":1}},{"uid":"211706728","scores":[94.900421142578],"group_id":"student","user_info":"","position":{"left":1339.0666503906,"top":1456.2097167969,"width":258,"height":247,"degree":-2,"prob":0.98751014471054}},{"uid":"211706709","scores":[95.146499633789],"group_id":"student","user_info":"","position":{"left":188.3802947998,"top":1376.0554199219,"width":208,"height":199,"degree":-5,"prob":1}},{"uid":"211706719","scores":[51.176956176758],"group_id":"student","user_info":"","position":{"left":3585.3876953125,"top":1319.3846435547,"width":186,"height":165,"degree":1,"prob":0.98040336370468}},{"uid":"211706730","scores":[94.07869720459],"group_id":"student","user_info":"","position":{"left":1610.8826904297,"top":1380.4625244141,"width":186,"height":173,"degree":0,"prob":1}}],"result_num":10,"log_id":7945847965558042516}