{"result":[{"uid":"211706729","scores":[96.774490356445],"group_id":"student","user_info":"","position":{"left":1189.2222900391,"top":2413.8422851562,"width":341,"height":346,"degree":0,"prob":1}},{"uid":"211706714","scores":[95.186233520508],"group_id":"student","user_info":"","position":{"left":367.44039916992,"top":2079.6877441406,"width":263,"height":229,"degree":-3,"prob":1}},{"uid":"211706717","scores":[94.876190185547],"group_id":"student","user_info":"","position":{"left":1108.5598144531,"top":2010.1868896484,"width":191,"height":175,"degree":-1,"prob":1}},{"uid":"211706723","scores":[95.269111633301],"group_id":"student","user_info":"","position":{"left":571.68994140625,"top":1857.8044433594,"width":188,"height":177,"degree":6,"prob":0.98936450481415}},{"uid":"211706716","scores":[92.822624206543],"group_id":"student","user_info":"","position":{"left":2293.0974121094,"top":1974.9119873047,"width":184,"height":168,"degree":0,"prob":1}},{"uid":"211706721","scores":[93.81672668457],"group_id":"student","user_info":"","position":{"left":1623.4895019531,"top":1921.8470458984,"width":151,"height":141,"degree":-1,"prob":1}},{"uid":"211706722","scores":[93.690948486328],"group_id":"student","user_info":"","position":{"left":2075.4868164062,"top":1943.4415283203,"width":142,"height":126,"degree":-7,"prob":1}},{"uid":"211706704","scores":[88.789337158203],"group_id":"student","user_info":"","position":{"left":1525.8092041016,"top":1743.5466308594,"width":130,"height":119,"degree":2,"prob":1}},{"uid":"211706705","scores":[73.058204650879],"group_id":"student","user_info":"","position":{"left":1989.0578613281,"top":1718.7857666016,"width":123,"height":115,"degree":15,"prob":1}},{"uid":"211706719","scores":[63.088558197021],"group_id":"student","user_info":"","position":{"left":770.70727539062,"top":1765.4963378906,"width":118,"height":110,"degree":0,"prob":0.81679028272629}}],"result_num":10,"log_id":17989797920042516}