{"access_token":"24.c01ede2cd6165564bd8ea8943eb40101.2592000.1527167432.282335-11150160","session_key":"9mzdWEDfQkAxsJQ0wGBK+X9sMnkSbf1SUoq2\/C4PQao7uV+sB9ZP0ZSB3uIMLJXPIuXqJwBOAqq6LiN0VpRH2agr+samyw==","scope":"public vis-faceverify_faceverify vis-faceattribute_faceattribute vis-faceverify_faceverify_v2 vis-faceverify_faceverify_match_v2 brain_all_scope vis-faceverify_vis-faceverify-detect wise_adapt lebo_resource_base lightservice_public hetu_basic lightcms_map_poi kaidian_kaidian ApsMisTest_Test\u6743\u9650 vis-classify_flower lpq_\u5f00\u653e cop_helloScope ApsMis_fangdi_permission smartapp_snsapi_base","refresh_token":"25.33cf6de01ad2a77592b7202a2eb27ee6.315360000.1839935432.282335-11150160","session_secret":"9d64d80290c2e889ce72b9a9cf2865a2","expires_in":2592000}